FileName,Rec_1,Rec_2,Rec_3,Rec_4,Rec_5,Rec_6,Rec_7,Rec_8,Rec_9,Rec_10,Rec_11,Rec_12,Rec_13,Rec_14,Rec_15,Rec_16,Rec_17,Rec_18,Rec_19,Rec_20,Rec_21,Rec_22,Rec_23,Rec_24,RunTimeSeconds
cicids_7_test.csv,OmniAnomaly,PCA,MCD,KMeansAD,IForest,CNN,HBOS,EIF,COPOD,TimesNet,CBLOF,KNN,OFA,LSTMAD,FITS,USAD,TranAD,ALLM4TS,OCSVM,RobustPCA,AutoEncoder,Donut,LOF,AnomalyTransformer,18.001723051071167
Daphnet_S02R01E0_test.csv,OmniAnomaly,PCA,KMeansAD,MCD,IForest,CNN,HBOS,EIF,COPOD,TimesNet,CBLOF,KNN,OFA,LSTMAD,USAD,FITS,TranAD,ALLM4TS,OCSVM,RobustPCA,AutoEncoder,Donut,LOF,AnomalyTransformer,1.7091538906097412
Daphnet_S02R02E0_test.csv,OmniAnomaly,PCA,MCD,KMeansAD,IForest,CNN,HBOS,EIF,COPOD,TimesNet,CBLOF,KNN,OFA,LSTMAD,FITS,USAD,TranAD,ALLM4TS,OCSVM,RobustPCA,AutoEncoder,Donut,LOF,AnomalyTransformer,2.2700388431549072
Daphnet_S03R01E0_test.csv,OmniAnomaly,PCA,KMeansAD,IForest,MCD,HBOS,CNN,EIF,COPOD,CBLOF,KNN,TimesNet,USAD,TranAD,LSTMAD,FITS,OFA,OCSVM,ALLM4TS,RobustPCA,AutoEncoder,Donut,LOF,AnomalyTransformer,2.3875339031219482
Daphnet_S03R02E0_test.csv,OmniAnomaly,PCA,KMeansAD,IForest,MCD,HBOS,EIF,CNN,COPOD,CBLOF,KNN,TimesNet,USAD,TranAD,LSTMAD,FITS,OFA,OCSVM,ALLM4TS,RobustPCA,AutoEncoder,Donut,LOF,AnomalyTransformer,0.8838701248168945
Daphnet_S05R01E3_test.csv,OmniAnomaly,PCA,KMeansAD,IForest,MCD,HBOS,EIF,CNN,COPOD,CBLOF,KNN,TimesNet,USAD,TranAD,LSTMAD,FITS,OFA,OCSVM,ALLM4TS,RobustPCA,AutoEncoder,Donut,LOF,AnomalyTransformer,0.40616512298583984
Daphnet_S05R02E0_test.csv,OmniAnomaly,PCA,KMeansAD,IForest,MCD,HBOS,CNN,EIF,COPOD,CBLOF,TimesNet,KNN,USAD,TranAD,LSTMAD,FITS,OFA,OCSVM,ALLM4TS,RobustPCA,AutoEncoder,Donut,LOF,AnomalyTransformer,2.3839378356933594
Daphnet_S05R02E1_test.csv,OmniAnomaly,PCA,KMeansAD,MCD,IForest,HBOS,CNN,EIF,COPOD,CBLOF,TimesNet,KNN,USAD,LSTMAD,TranAD,OFA,FITS,ALLM4TS,OCSVM,RobustPCA,AutoEncoder,Donut,LOF,AnomalyTransformer,2.246251106262207
Daphnet_S06R01E1_test.csv,OmniAnomaly,PCA,KMeansAD,MCD,IForest,CNN,HBOS,EIF,COPOD,CBLOF,TimesNet,KNN,USAD,LSTMAD,TranAD,OFA,FITS,ALLM4TS,OCSVM,RobustPCA,AutoEncoder,Donut,LOF,AnomalyTransformer,2.2173521518707275
Daphnet_S06R01E2_test.csv,OmniAnomaly,PCA,KMeansAD,MCD,IForest,CNN,HBOS,EIF,COPOD,TimesNet,CBLOF,KNN,OFA,LSTMAD,USAD,FITS,TranAD,ALLM4TS,OCSVM,RobustPCA,AutoEncoder,Donut,LOF,AnomalyTransformer,1.8161869049072266
Daphnet_S07R01E0_test.csv,OmniAnomaly,PCA,KMeansAD,IForest,MCD,HBOS,CNN,EIF,COPOD,CBLOF,TimesNet,KNN,USAD,TranAD,LSTMAD,OFA,FITS,OCSVM,ALLM4TS,RobustPCA,AutoEncoder,Donut,LOF,AnomalyTransformer,2.515181064605713
Daphnet_S09R01E0_test.csv,OmniAnomaly,PCA,KMeansAD,MCD,IForest,CNN,HBOS,EIF,COPOD,TimesNet,CBLOF,KNN,OFA,LSTMAD,USAD,FITS,TranAD,ALLM4TS,OCSVM,RobustPCA,AutoEncoder,Donut,LOF,AnomalyTransformer,0.37066006660461426
Daphnet_S09R01E1_test.csv,OmniAnomaly,PCA,KMeansAD,MCD,IForest,CNN,HBOS,EIF,COPOD,TimesNet,CBLOF,KNN,LSTMAD,USAD,OFA,TranAD,FITS,ALLM4TS,OCSVM,RobustPCA,AutoEncoder,Donut,LOF,AnomalyTransformer,0.6859710216522217
Daphnet_S09R01E2_test.csv,OmniAnomaly,PCA,KMeansAD,MCD,IForest,CNN,HBOS,EIF,COPOD,CBLOF,TimesNet,KNN,USAD,LSTMAD,TranAD,OFA,FITS,ALLM4TS,OCSVM,RobustPCA,AutoEncoder,Donut,LOF,AnomalyTransformer,2.327975034713745
Daphnet_S09R01E3_test.csv,OmniAnomaly,PCA,KMeansAD,MCD,IForest,CNN,HBOS,EIF,COPOD,TimesNet,CBLOF,KNN,LSTMAD,USAD,OFA,TranAD,FITS,ALLM4TS,OCSVM,RobustPCA,AutoEncoder,Donut,LOF,AnomalyTransformer,2.368129014968872
Exathlon_1_2_100000_68_test.csv,OmniAnomaly,MCD,PCA,IForest,CNN,KMeansAD,HBOS,OFA,EIF,TimesNet,COPOD,KNN,LSTMAD,CBLOF,FITS,ALLM4TS,OCSVM,RobustPCA,AutoEncoder,USAD,TranAD,Donut,LOF,AnomalyTransformer,0.20672106742858887
Exathlon_1_4_1000000_80_test.csv,OFA,MCD,ALLM4TS,RobustPCA,TimesNet,OCSVM,OmniAnomaly,AutoEncoder,PCA,CNN,IForest,HBOS,FITS,LSTMAD,COPOD,EIF,KMeansAD,KNN,CBLOF,TranAD,USAD,Donut,LOF,AnomalyTransformer,4.230702877044678
Exathlon_1_5_1000000_86_test.csv,OmniAnomaly,PCA,KMeansAD,MCD,IForest,CNN,HBOS,EIF,COPOD,TimesNet,CBLOF,KNN,OFA,LSTMAD,USAD,FITS,TranAD,ALLM4TS,OCSVM,RobustPCA,AutoEncoder,Donut,LOF,AnomalyTransformer,0.3596830368041992
Exathlon_10_2_1000000_67_test.csv,MCD,OmniAnomaly,OFA,PCA,CNN,IForest,TimesNet,HBOS,KMeansAD,EIF,COPOD,ALLM4TS,LSTMAD,FITS,OCSVM,RobustPCA,KNN,AutoEncoder,CBLOF,TranAD,USAD,Donut,LOF,AnomalyTransformer,1.3155899047851562
Exathlon_10_3_1000000_75_test.csv,OmniAnomaly,MCD,PCA,IForest,CNN,KMeansAD,HBOS,OFA,EIF,TimesNet,COPOD,KNN,LSTMAD,CBLOF,FITS,ALLM4TS,OCSVM,RobustPCA,AutoEncoder,USAD,TranAD,Donut,LOF,AnomalyTransformer,5.0194618701934814
Exathlon_2_1_100000_60_test.csv,MCD,OmniAnomaly,PCA,IForest,CNN,KMeansAD,HBOS,OFA,TimesNet,EIF,COPOD,LSTMAD,KNN,FITS,ALLM4TS,CBLOF,OCSVM,RobustPCA,AutoEncoder,USAD,TranAD,Donut,LOF,AnomalyTransformer,5.3685290813446045
Exathlon_2_2_200000_69_test.csv,OmniAnomaly,PCA,KMeansAD,MCD,IForest,CNN,HBOS,EIF,COPOD,CBLOF,TimesNet,KNN,LSTMAD,USAD,OFA,TranAD,FITS,ALLM4TS,OCSVM,RobustPCA,AutoEncoder,Donut,LOF,AnomalyTransformer,0.23067092895507812
Exathlon_2_5_1000000_87_test.csv,OmniAnomaly,PCA,MCD,IForest,KMeansAD,CNN,HBOS,EIF,TimesNet,COPOD,OFA,KNN,CBLOF,LSTMAD,FITS,ALLM4TS,OCSVM,USAD,TranAD,RobustPCA,AutoEncoder,Donut,LOF,AnomalyTransformer,5.520621061325073
Exathlon_2_5_1000000_88_test.csv,OFA,MCD,OmniAnomaly,PCA,CNN,TimesNet,IForest,HBOS,KMeansAD,ALLM4TS,EIF,COPOD,OCSVM,RobustPCA,LSTMAD,FITS,AutoEncoder,KNN,CBLOF,TranAD,USAD,Donut,LOF,AnomalyTransformer,0.3649940490722656
Exathlon_3_2_1000000_71_test.csv,OmniAnomaly,PCA,MCD,IForest,KMeansAD,CNN,HBOS,EIF,COPOD,TimesNet,OFA,KNN,CBLOF,LSTMAD,FITS,ALLM4TS,USAD,OCSVM,TranAD,RobustPCA,AutoEncoder,Donut,LOF,AnomalyTransformer,0.24123191833496094
Exathlon_3_2_500000_70_test.csv,OmniAnomaly,PCA,MCD,KMeansAD,IForest,CNN,HBOS,EIF,COPOD,TimesNet,CBLOF,KNN,OFA,LSTMAD,FITS,USAD,TranAD,ALLM4TS,OCSVM,RobustPCA,AutoEncoder,Donut,LOF,AnomalyTransformer,0.36309814453125
Exathlon_4_1_100000_61_test.csv,OFA,MCD,OmniAnomaly,PCA,ALLM4TS,TimesNet,CNN,IForest,RobustPCA,OCSVM,HBOS,AutoEncoder,KMeansAD,EIF,COPOD,FITS,LSTMAD,KNN,CBLOF,TranAD,USAD,Donut,LOF,AnomalyTransformer,5.266633987426758
Exathlon_4_5_1000000_90_test.csv,MCD,OmniAnomaly,PCA,OFA,CNN,IForest,HBOS,KMeansAD,TimesNet,EIF,COPOD,LSTMAD,ALLM4TS,FITS,KNN,OCSVM,CBLOF,RobustPCA,AutoEncoder,TranAD,USAD,Donut,LOF,AnomalyTransformer,0.358975887298584
Exathlon_5_1_100000_63_test.csv,OFA,MCD,OmniAnomaly,PCA,ALLM4TS,TimesNet,CNN,IForest,RobustPCA,OCSVM,HBOS,AutoEncoder,KMeansAD,EIF,COPOD,FITS,LSTMAD,KNN,CBLOF,TranAD,USAD,Donut,LOF,AnomalyTransformer,4.825121164321899
Exathlon_5_1_100000_64_test.csv,MCD,OFA,OmniAnomaly,PCA,CNN,IForest,TimesNet,HBOS,KMeansAD,EIF,COPOD,ALLM4TS,OCSVM,LSTMAD,FITS,RobustPCA,AutoEncoder,KNN,CBLOF,TranAD,USAD,Donut,LOF,AnomalyTransformer,4.070497035980225
Exathlon_5_2_1000000_72_test.csv,OmniAnomaly,PCA,MCD,IForest,KMeansAD,CNN,HBOS,EIF,TimesNet,COPOD,OFA,KNN,CBLOF,LSTMAD,FITS,ALLM4TS,OCSVM,RobustPCA,USAD,TranAD,AutoEncoder,Donut,LOF,AnomalyTransformer,0.14356398582458496
Exathlon_5_4_1000000_82_test.csv,OFA,MCD,OmniAnomaly,PCA,CNN,TimesNet,IForest,HBOS,ALLM4TS,KMeansAD,EIF,COPOD,OCSVM,RobustPCA,LSTMAD,FITS,AutoEncoder,KNN,CBLOF,TranAD,USAD,Donut,LOF,AnomalyTransformer,0.3818988800048828
Exathlon_5_5_1000000_91_test.csv,MCD,OmniAnomaly,PCA,IForest,CNN,KMeansAD,HBOS,OFA,TimesNet,EIF,COPOD,LSTMAD,KNN,FITS,ALLM4TS,CBLOF,OCSVM,RobustPCA,AutoEncoder,USAD,TranAD,Donut,LOF,AnomalyTransformer,4.659862041473389
Exathlon_6_3_200000_76_test.csv,OmniAnomaly,MCD,PCA,IForest,CNN,KMeansAD,HBOS,OFA,TimesNet,EIF,COPOD,LSTMAD,KNN,FITS,CBLOF,ALLM4TS,OCSVM,RobustPCA,AutoEncoder,USAD,TranAD,Donut,LOF,AnomalyTransformer,4.883841037750244
Exathlon_6_5_1000000_93_test.csv,MCD,OFA,OmniAnomaly,PCA,CNN,IForest,TimesNet,HBOS,KMeansAD,EIF,COPOD,ALLM4TS,LSTMAD,OCSVM,FITS,RobustPCA,KNN,AutoEncoder,CBLOF,TranAD,USAD,Donut,LOF,AnomalyTransformer,0.3687629699707031
Exathlon_8_3_200000_73_test.csv,MCD,OmniAnomaly,PCA,OFA,CNN,IForest,TimesNet,HBOS,KMeansAD,EIF,COPOD,ALLM4TS,LSTMAD,FITS,OCSVM,KNN,RobustPCA,CBLOF,AutoEncoder,TranAD,USAD,Donut,LOF,AnomalyTransformer,4.883919954299927
Exathlon_8_4_1000000_77_test.csv,OmniAnomaly,PCA,MCD,IForest,CNN,KMeansAD,HBOS,EIF,TimesNet,OFA,COPOD,KNN,LSTMAD,CBLOF,FITS,ALLM4TS,OCSVM,RobustPCA,USAD,TranAD,AutoEncoder,Donut,LOF,AnomalyTransformer,5.0983030796051025
Exathlon_9_2_1000000_66_test.csv,OmniAnomaly,PCA,KMeansAD,IForest,MCD,HBOS,CNN,EIF,COPOD,CBLOF,TimesNet,KNN,USAD,TranAD,LSTMAD,FITS,OFA,OCSVM,ALLM4TS,RobustPCA,AutoEncoder,Donut,LOF,AnomalyTransformer,0.59926605224609375
Exathlon_9_3_500000_74_test.csv,MCD,OmniAnomaly,PCA,IForest,CNN,OFA,KMeansAD,HBOS,TimesNet,EIF,COPOD,LSTMAD,KNN,FITS,ALLM4TS,CBLOF,OCSVM,RobustPCA,AutoEncoder,TranAD,USAD,Donut,LOF,AnomalyTransformer,5.245895147323608
Exathlon_9_4_1000000_78_test.csv,OmniAnomaly,PCA,MCD,IForest,KMeansAD,CNN,HBOS,EIF,COPOD,TimesNet,OFA,KNN,CBLOF,LSTMAD,FITS,ALLM4TS,USAD,TranAD,OCSVM,RobustPCA,AutoEncoder,Donut,LOF,AnomalyTransformer,5.213253974914551
Exathlon_9_5_1000000_84_test.csv,OmniAnomaly,PCA,MCD,KMeansAD,IForest,CNN,HBOS,EIF,COPOD,TimesNet,OFA,CBLOF,KNN,LSTMAD,FITS,USAD,TranAD,ALLM4TS,OCSVM,RobustPCA,AutoEncoder,Donut,LOF,AnomalyTransformer,0.6215901374816895
GECCO_water_quality_test.csv,OmniAnomaly,PCA,MCD,IForest,CNN,KMeansAD,HBOS,EIF,TimesNet,OFA,COPOD,KNN,LSTMAD,CBLOF,FITS,ALLM4TS,OCSVM,RobustPCA,USAD,TranAD,AutoEncoder,Donut,LOF,AnomalyTransformer,2.506848096847534
Genesis_test.csv,OFA,ALLM4TS,RobustPCA,AutoEncoder,MCD,OCSVM,TimesNet,OmniAnomaly,CNN,PCA,IForest,FITS,HBOS,LSTMAD,COPOD,EIF,KMeansAD,KNN,CBLOF,Donut,TranAD,USAD,LOF,AnomalyTransformer,1.2991130352020264
GutenTAG_0_test.csv,OFA,MCD,ALLM4TS,TimesNet,RobustPCA,OmniAnomaly,OCSVM,AutoEncoder,PCA,CNN,IForest,HBOS,FITS,LSTMAD,COPOD,EIF,KMeansAD,KNN,CBLOF,TranAD,USAD,Donut,LOF,AnomalyTransformer,1.442106008529663
GutenTAG_1_test.csv,OFA,MCD,OmniAnomaly,PCA,ALLM4TS,TimesNet,CNN,IForest,RobustPCA,OCSVM,HBOS,AutoEncoder,KMeansAD,EIF,COPOD,FITS,LSTMAD,KNN,CBLOF,TranAD,USAD,Donut,LOF,AnomalyTransformer,1.500566005706787
GutenTAG_10_test.csv,OFA,MCD,ALLM4TS,OmniAnomaly,TimesNet,PCA,CNN,RobustPCA,OCSVM,IForest,AutoEncoder,HBOS,COPOD,EIF,FITS,KMeansAD,LSTMAD,KNN,CBLOF,TranAD,USAD,Donut,LOF,AnomalyTransformer,1.5139219760894775
GutenTAG_11_test.csv,OFA,ALLM4TS,MCD,RobustPCA,OCSVM,TimesNet,AutoEncoder,OmniAnomaly,CNN,PCA,IForest,HBOS,FITS,LSTMAD,COPOD,EIF,KMeansAD,KNN,CBLOF,TranAD,Donut,USAD,LOF,AnomalyTransformer,1.4546759128570557
GutenTAG_13_test.csv,MCD,OFA,OmniAnomaly,PCA,CNN,IForest,TimesNet,HBOS,KMeansAD,EIF,COPOD,ALLM4TS,OCSVM,LSTMAD,FITS,RobustPCA,AutoEncoder,KNN,CBLOF,TranAD,USAD,Donut,LOF,AnomalyTransformer,1.6373419761657715
GutenTAG_14_test.csv,OFA,MCD,OmniAnomaly,PCA,CNN,IForest,TimesNet,HBOS,KMeansAD,EIF,ALLM4TS,COPOD,OCSVM,LSTMAD,RobustPCA,FITS,AutoEncoder,KNN,CBLOF,TranAD,USAD,Donut,LOF,AnomalyTransformer,1.4323608875274658
GutenTAG_15_test.csv,MCD,OmniAnomaly,PCA,CNN,IForest,OFA,KMeansAD,HBOS,TimesNet,EIF,COPOD,LSTMAD,KNN,FITS,ALLM4TS,CBLOF,OCSVM,RobustPCA,AutoEncoder,TranAD,USAD,Donut,LOF,AnomalyTransformer,1.3871281147003174
GutenTAG_16_test.csv,OFA,MCD,ALLM4TS,TimesNet,OmniAnomaly,RobustPCA,OCSVM,PCA,CNN,AutoEncoder,IForest,HBOS,FITS,COPOD,LSTMAD,EIF,KMeansAD,KNN,CBLOF,TranAD,USAD,Donut,LOF,AnomalyTransformer,1.859325885772705
GutenTAG_17_test.csv,MCD,OFA,OmniAnomaly,PCA,CNN,IForest,TimesNet,HBOS,KMeansAD,EIF,COPOD,ALLM4TS,LSTMAD,OCSVM,FITS,RobustPCA,AutoEncoder,KNN,CBLOF,TranAD,USAD,Donut,LOF,AnomalyTransformer,1.7494609355926514
GutenTAG_18_test.csv,OFA,MCD,ALLM4TS,OmniAnomaly,TimesNet,PCA,CNN,RobustPCA,OCSVM,IForest,AutoEncoder,HBOS,FITS,COPOD,EIF,KMeansAD,LSTMAD,KNN,CBLOF,TranAD,USAD,Donut,LOF,AnomalyTransformer,1.832947015762329
GutenTAG_19_test.csv,MCD,OmniAnomaly,PCA,OFA,CNN,IForest,TimesNet,HBOS,KMeansAD,EIF,COPOD,ALLM4TS,LSTMAD,FITS,OCSVM,KNN,RobustPCA,CBLOF,AutoEncoder,TranAD,USAD,Donut,LOF,AnomalyTransformer,1.6790058612823486
GutenTAG_2_test.csv,OmniAnomaly,MCD,PCA,IForest,CNN,KMeansAD,HBOS,OFA,TimesNet,EIF,COPOD,KNN,LSTMAD,CBLOF,FITS,ALLM4TS,OCSVM,RobustPCA,AutoEncoder,USAD,TranAD,Donut,LOF,AnomalyTransformer,1.774848222732544
GutenTAG_20_test.csv,MCD,OmniAnomaly,PCA,CNN,IForest,OFA,KMeansAD,HBOS,TimesNet,EIF,COPOD,LSTMAD,FITS,ALLM4TS,KNN,CBLOF,OCSVM,RobustPCA,AutoEncoder,TranAD,USAD,Donut,LOF,AnomalyTransformer,1.4690210819244385
GutenTAG_21_test.csv,OFA,MCD,OmniAnomaly,PCA,CNN,TimesNet,IForest,HBOS,ALLM4TS,KMeansAD,EIF,COPOD,OCSVM,RobustPCA,AutoEncoder,FITS,LSTMAD,KNN,CBLOF,TranAD,USAD,Donut,LOF,AnomalyTransformer,1.8234660625457764
GutenTAG_22_test.csv,MCD,OmniAnomaly,PCA,CNN,IForest,OFA,KMeansAD,HBOS,TimesNet,EIF,COPOD,LSTMAD,ALLM4TS,FITS,KNN,OCSVM,CBLOF,RobustPCA,AutoEncoder,TranAD,USAD,Donut,LOF,AnomalyTransformer,1.7771689891815186
GutenTAG_23_test.csv,MCD,OmniAnomaly,PCA,OFA,CNN,IForest,HBOS,KMeansAD,TimesNet,EIF,COPOD,LSTMAD,ALLM4TS,FITS,KNN,OCSVM,CBLOF,RobustPCA,AutoEncoder,TranAD,USAD,Donut,LOF,AnomalyTransformer,1.765488862991333
GutenTAG_24_test.csv,MCD,OmniAnomaly,OFA,PCA,CNN,IForest,TimesNet,HBOS,KMeansAD,EIF,COPOD,ALLM4TS,LSTMAD,FITS,OCSVM,RobustPCA,KNN,AutoEncoder,CBLOF,TranAD,USAD,Donut,LOF,AnomalyTransformer,1.3944950103759766
GutenTAG_25_test.csv,OFA,MCD,OmniAnomaly,ALLM4TS,TimesNet,PCA,CNN,IForest,RobustPCA,OCSVM,HBOS,AutoEncoder,EIF,COPOD,KMeansAD,FITS,LSTMAD,KNN,CBLOF,TranAD,USAD,Donut,LOF,AnomalyTransformer,1.880824089050293
GutenTAG_26_test.csv,MCD,OmniAnomaly,PCA,OFA,CNN,IForest,TimesNet,HBOS,KMeansAD,EIF,COPOD,ALLM4TS,LSTMAD,FITS,OCSVM,KNN,RobustPCA,AutoEncoder,CBLOF,TranAD,USAD,Donut,LOF,AnomalyTransformer,1.4318690299987793
GutenTAG_27_test.csv,OFA,MCD,OmniAnomaly,PCA,TimesNet,CNN,IForest,ALLM4TS,HBOS,OCSVM,RobustPCA,KMeansAD,EIF,COPOD,AutoEncoder,FITS,LSTMAD,KNN,CBLOF,TranAD,USAD,Donut,LOF,AnomalyTransformer,1.8390300273895264
GutenTAG_28_test.csv,MCD,OmniAnomaly,PCA,OFA,CNN,IForest,TimesNet,HBOS,KMeansAD,EIF,COPOD,ALLM4TS,LSTMAD,FITS,OCSVM,KNN,RobustPCA,AutoEncoder,CBLOF,TranAD,USAD,Donut,LOF,AnomalyTransformer,1.7907600402832031
GutenTAG_29_test.csv,OFA,MCD,OmniAnomaly,ALLM4TS,TimesNet,PCA,CNN,IForest,RobustPCA,OCSVM,HBOS,AutoEncoder,EIF,COPOD,KMeansAD,FITS,LSTMAD,KNN,CBLOF,TranAD,USAD,Donut,LOF,AnomalyTransformer,1.7819600105285645
GutenTAG_3_test.csv,OFA,MCD,OmniAnomaly,PCA,TimesNet,ALLM4TS,CNN,IForest,HBOS,OCSVM,RobustPCA,AutoEncoder,KMeansAD,EIF,COPOD,FITS,LSTMAD,KNN,CBLOF,TranAD,USAD,Donut,LOF,AnomalyTransformer,1.4990270137786865
GutenTAG_4_test.csv,OFA,MCD,OmniAnomaly,PCA,CNN,TimesNet,IForest,ALLM4TS,HBOS,KMeansAD,OCSVM,RobustPCA,EIF,COPOD,AutoEncoder,FITS,LSTMAD,KNN,CBLOF,TranAD,USAD,Donut,LOF,AnomalyTransformer,1.7817809581756592
GutenTAG_5_test.csv,OFA,MCD,ALLM4TS,OmniAnomaly,TimesNet,PCA,CNN,RobustPCA,OCSVM,AutoEncoder,IForest,HBOS,FITS,COPOD,EIF,KMeansAD,LSTMAD,KNN,CBLOF,TranAD,USAD,Donut,LOF,AnomalyTransformer,1.5750200748443604
GutenTAG_6_test.csv,OFA,MCD,OmniAnomaly,ALLM4TS,PCA,TimesNet,CNN,IForest,RobustPCA,OCSVM,HBOS,AutoEncoder,EIF,COPOD,KMeansAD,FITS,LSTMAD,KNN,CBLOF,TranAD,USAD,Donut,LOF,AnomalyTransformer,1.9411311149597168
GutenTAG_7_test.csv,OFA,MCD,OmniAnomaly,PCA,CNN,TimesNet,IForest,HBOS,KMeansAD,ALLM4TS,EIF,COPOD,OCSVM,RobustPCA,LSTMAD,FITS,AutoEncoder,KNN,CBLOF,TranAD,USAD,Donut,LOF,AnomalyTransformer,1.6535282135009766
GutenTAG_8_test.csv,OFA,MCD,OmniAnomaly,PCA,TimesNet,ALLM4TS,CNN,IForest,HBOS,OCSVM,RobustPCA,AutoEncoder,KMeansAD,EIF,COPOD,FITS,LSTMAD,KNN,CBLOF,TranAD,USAD,Donut,LOF,AnomalyTransformer,1.9111931324005127
GutenTAG_9_test.csv,OFA,MCD,ALLM4TS,OmniAnomaly,TimesNet,PCA,CNN,RobustPCA,OCSVM,IForest,AutoEncoder,HBOS,FITS,COPOD,EIF,KMeansAD,LSTMAD,KNN,CBLOF,TranAD,USAD,Donut,LOF,AnomalyTransformer,1.8701109886169434
MITDB_100_test.csv,OmniAnomaly,PCA,KMeansAD,MCD,IForest,CNN,HBOS,EIF,COPOD,CBLOF,TimesNet,KNN,LSTMAD,USAD,TranAD,OFA,FITS,ALLM4TS,OCSVM,RobustPCA,AutoEncoder,Donut,LOF,AnomalyTransformer,1.8495151996612549
MITDB_101_test.csv,OmniAnomaly,PCA,MCD,KMeansAD,IForest,CNN,HBOS,EIF,COPOD,TimesNet,CBLOF,KNN,OFA,LSTMAD,FITS,USAD,TranAD,ALLM4TS,OCSVM,RobustPCA,AutoEncoder,Donut,LOF,AnomalyTransformer,1.1186418533325195
MITDB_102_test.csv,OmniAnomaly,PCA,MCD,KMeansAD,IForest,CNN,HBOS,EIF,COPOD,TimesNet,CBLOF,KNN,OFA,LSTMAD,FITS,USAD,TranAD,ALLM4TS,OCSVM,RobustPCA,AutoEncoder,Donut,LOF,AnomalyTransformer,1.1072649955749512
MITDB_103_test.csv,OmniAnomaly,PCA,KMeansAD,IForest,MCD,HBOS,CNN,EIF,COPOD,CBLOF,TimesNet,KNN,USAD,TranAD,LSTMAD,OFA,FITS,OCSVM,ALLM4TS,RobustPCA,AutoEncoder,Donut,LOF,AnomalyTransformer,1.1358609199523926
MITDB_104_test.csv,OmniAnomaly,PCA,KMeansAD,MCD,IForest,CNN,HBOS,EIF,COPOD,CBLOF,TimesNet,KNN,LSTMAD,USAD,TranAD,OFA,FITS,ALLM4TS,OCSVM,RobustPCA,AutoEncoder,Donut,LOF,AnomalyTransformer,1.131068229675293
MITDB_105_test.csv,OmniAnomaly,PCA,KMeansAD,MCD,IForest,CNN,HBOS,EIF,COPOD,TimesNet,CBLOF,KNN,LSTMAD,OFA,USAD,TranAD,FITS,ALLM4TS,OCSVM,RobustPCA,AutoEncoder,Donut,LOF,AnomalyTransformer,1.1594111919403076
MITDB_106_test.csv,OmniAnomaly,PCA,KMeansAD,MCD,IForest,CNN,HBOS,EIF,COPOD,TimesNet,CBLOF,KNN,OFA,LSTMAD,USAD,FITS,TranAD,ALLM4TS,OCSVM,RobustPCA,AutoEncoder,Donut,LOF,AnomalyTransformer,1.0685100555419922
MITDB_107_test.csv,OmniAnomaly,PCA,MCD,KMeansAD,IForest,CNN,HBOS,EIF,COPOD,TimesNet,CBLOF,KNN,OFA,LSTMAD,FITS,USAD,TranAD,ALLM4TS,OCSVM,RobustPCA,AutoEncoder,Donut,LOF,AnomalyTransformer,1.0914700031280518
MITDB_108_test.csv,OmniAnomaly,PCA,MCD,KMeansAD,IForest,CNN,HBOS,EIF,COPOD,TimesNet,CBLOF,KNN,OFA,LSTMAD,FITS,USAD,TranAD,ALLM4TS,OCSVM,RobustPCA,AutoEncoder,Donut,LOF,AnomalyTransformer,1.1185970306396484
MITDB_109_test.csv,OmniAnomaly,PCA,KMeansAD,MCD,IForest,CNN,HBOS,EIF,COPOD,TimesNet,CBLOF,KNN,LSTMAD,OFA,USAD,TranAD,FITS,ALLM4TS,OCSVM,RobustPCA,AutoEncoder,Donut,LOF,AnomalyTransformer,1.159195899963379
MITDB_111_test.csv,OmniAnomaly,PCA,KMeansAD,MCD,IForest,CNN,HBOS,EIF,COPOD,TimesNet,CBLOF,KNN,OFA,LSTMAD,USAD,FITS,TranAD,ALLM4TS,OCSVM,RobustPCA,AutoEncoder,Donut,LOF,AnomalyTransformer,1.0986509323120117
MITDB_114_test.csv,OmniAnomaly,PCA,MCD,KMeansAD,IForest,CNN,HBOS,EIF,COPOD,TimesNet,OFA,CBLOF,KNN,LSTMAD,FITS,USAD,TranAD,ALLM4TS,OCSVM,RobustPCA,AutoEncoder,Donut,LOF,AnomalyTransformer,1.0105199813842773
MITDB_115_test.csv,OmniAnomaly,PCA,KMeansAD,MCD,IForest,CNN,HBOS,EIF,COPOD,TimesNet,CBLOF,KNN,OFA,LSTMAD,USAD,FITS,TranAD,ALLM4TS,OCSVM,RobustPCA,AutoEncoder,Donut,LOF,AnomalyTransformer,1.0903170108795166
MITDB_116_test.csv,OmniAnomaly,PCA,MCD,KMeansAD,IForest,CNN,HBOS,EIF,COPOD,TimesNet,CBLOF,KNN,OFA,LSTMAD,FITS,USAD,TranAD,ALLM4TS,OCSVM,RobustPCA,AutoEncoder,Donut,LOF,AnomalyTransformer,1.1325178146362305
MITDB_117_test.csv,OmniAnomaly,PCA,MCD,KMeansAD,IForest,CNN,HBOS,EIF,COPOD,TimesNet,CBLOF,KNN,OFA,LSTMAD,FITS,USAD,TranAD,ALLM4TS,OCSVM,RobustPCA,AutoEncoder,Donut,LOF,AnomalyTransformer,1.1462781429290771
MITDB_118_test.csv,OmniAnomaly,PCA,KMeansAD,MCD,IForest,CNN,HBOS,EIF,COPOD,CBLOF,TimesNet,KNN,USAD,LSTMAD,TranAD,OFA,FITS,ALLM4TS,OCSVM,RobustPCA,AutoEncoder,Donut,LOF,AnomalyTransformer,1.1121280193328857
MITDB_119_test.csv,OmniAnomaly,PCA,KMeansAD,MCD,IForest,CNN,HBOS,EIF,COPOD,TimesNet,CBLOF,KNN,LSTMAD,OFA,USAD,TranAD,FITS,ALLM4TS,OCSVM,RobustPCA,AutoEncoder,Donut,LOF,AnomalyTransformer,1.083223819732666
MITDB_121_test.csv,OmniAnomaly,PCA,KMeansAD,MCD,IForest,CNN,HBOS,EIF,COPOD,CBLOF,TimesNet,KNN,LSTMAD,USAD,TranAD,OFA,FITS,ALLM4TS,OCSVM,RobustPCA,AutoEncoder,Donut,LOF,AnomalyTransformer,1.1725969314575195
MITDB_122_test.csv,OmniAnomaly,PCA,MCD,KMeansAD,IForest,CNN,HBOS,EIF,COPOD,TimesNet,CBLOF,KNN,OFA,LSTMAD,FITS,USAD,TranAD,ALLM4TS,OCSVM,RobustPCA,AutoEncoder,Donut,LOF,AnomalyTransformer,1.0874228477478027
MITDB_123_test.csv,OmniAnomaly,PCA,KMeansAD,MCD,IForest,CNN,HBOS,EIF,COPOD,TimesNet,CBLOF,KNN,OFA,LSTMAD,USAD,FITS,TranAD,ALLM4TS,OCSVM,RobustPCA,AutoEncoder,Donut,LOF,AnomalyTransformer,1.1146090030670166
MITDB_124_test.csv,OmniAnomaly,PCA,MCD,KMeansAD,IForest,CNN,HBOS,EIF,COPOD,TimesNet,CBLOF,KNN,OFA,LSTMAD,FITS,USAD,TranAD,ALLM4TS,OCSVM,RobustPCA,AutoEncoder,Donut,LOF,AnomalyTransformer,1.135199785232544
MITDB_200_test.csv,OmniAnomaly,PCA,KMeansAD,MCD,IForest,CNN,HBOS,EIF,COPOD,TimesNet,CBLOF,KNN,OFA,LSTMAD,USAD,FITS,TranAD,ALLM4TS,OCSVM,RobustPCA,AutoEncoder,Donut,LOF,AnomalyTransformer,1.141402006149292
MITDB_202_test.csv,OmniAnomaly,PCA,KMeansAD,MCD,IForest,CNN,HBOS,EIF,COPOD,TimesNet,CBLOF,KNN,OFA,LSTMAD,FITS,USAD,TranAD,ALLM4TS,OCSVM,RobustPCA,AutoEncoder,Donut,LOF,AnomalyTransformer,1.0174720287322998
MITDB_203_test.csv,OmniAnomaly,PCA,KMeansAD,MCD,IForest,CNN,HBOS,EIF,COPOD,TimesNet,CBLOF,KNN,LSTMAD,OFA,USAD,TranAD,FITS,ALLM4TS,OCSVM,RobustPCA,AutoEncoder,Donut,LOF,AnomalyTransformer,1.1109309196472168
MITDB_205_test.csv,OmniAnomaly,PCA,KMeansAD,IForest,MCD,HBOS,CNN,EIF,COPOD,CBLOF,TimesNet,KNN,USAD,TranAD,LSTMAD,FITS,OFA,OCSVM,ALLM4TS,RobustPCA,AutoEncoder,Donut,LOF,AnomalyTransformer,1.1621677875518799
MITDB_207_test.csv,OmniAnomaly,PCA,KMeansAD,MCD,IForest,CNN,HBOS,EIF,COPOD,TimesNet,CBLOF,KNN,OFA,LSTMAD,USAD,FITS,TranAD,ALLM4TS,OCSVM,RobustPCA,AutoEncoder,Donut,LOF,AnomalyTransformer,1.0953309535980225
MITDB_209_test.csv,OmniAnomaly,PCA,KMeansAD,MCD,IForest,CNN,HBOS,EIF,COPOD,TimesNet,CBLOF,KNN,LSTMAD,OFA,USAD,TranAD,FITS,ALLM4TS,OCSVM,RobustPCA,AutoEncoder,Donut,LOF,AnomalyTransformer,1.0209708213806152
MITDB_210_test.csv,OmniAnomaly,PCA,KMeansAD,MCD,IForest,CNN,HBOS,EIF,COPOD,TimesNet,CBLOF,KNN,LSTMAD,OFA,USAD,TranAD,FITS,ALLM4TS,OCSVM,RobustPCA,AutoEncoder,Donut,LOF,AnomalyTransformer,1.161825180053711
MITDB_212_test.csv,OmniAnomaly,PCA,MCD,KMeansAD,IForest,CNN,HBOS,EIF,COPOD,TimesNet,OFA,CBLOF,KNN,LSTMAD,FITS,USAD,TranAD,ALLM4TS,OCSVM,RobustPCA,AutoEncoder,Donut,LOF,AnomalyTransformer,1.0936129093170166
MITDB_213_test.csv,OmniAnomaly,PCA,KMeansAD,MCD,IForest,CNN,HBOS,EIF,COPOD,TimesNet,CBLOF,KNN,OFA,LSTMAD,USAD,FITS,TranAD,ALLM4TS,OCSVM,RobustPCA,AutoEncoder,Donut,LOF,AnomalyTransformer,1.1337170600891113
MITDB_214_test.csv,OmniAnomaly,PCA,MCD,KMeansAD,IForest,CNN,HBOS,EIF,COPOD,TimesNet,CBLOF,KNN,OFA,LSTMAD,FITS,USAD,TranAD,ALLM4TS,OCSVM,RobustPCA,AutoEncoder,Donut,LOF,AnomalyTransformer,1.1340479850769043
MITDB_215_test.csv,OmniAnomaly,PCA,MCD,KMeansAD,IForest,CNN,HBOS,EIF,COPOD,TimesNet,CBLOF,KNN,OFA,LSTMAD,FITS,USAD,TranAD,ALLM4TS,OCSVM,RobustPCA,AutoEncoder,Donut,LOF,AnomalyTransformer,1.0989761352539062
MITDB_217_test.csv,OmniAnomaly,PCA,KMeansAD,MCD,IForest,CNN,HBOS,EIF,COPOD,TimesNet,CBLOF,KNN,LSTMAD,USAD,OFA,TranAD,FITS,ALLM4TS,OCSVM,RobustPCA,AutoEncoder,Donut,LOF,AnomalyTransformer,1.0890920162200928
MITDB_219_test.csv,OmniAnomaly,PCA,MCD,KMeansAD,IForest,CNN,HBOS,EIF,COPOD,TimesNet,CBLOF,KNN,OFA,LSTMAD,FITS,USAD,TranAD,ALLM4TS,OCSVM,RobustPCA,AutoEncoder,Donut,LOF,AnomalyTransformer,1.1559431552886963
MITDB_221_test.csv,OmniAnomaly,PCA,MCD,KMeansAD,IForest,CNN,HBOS,EIF,COPOD,TimesNet,CBLOF,KNN,OFA,LSTMAD,FITS,USAD,TranAD,ALLM4TS,OCSVM,RobustPCA,AutoEncoder,Donut,LOF,AnomalyTransformer,1.0518519878387451
MITDB_222_test.csv,OmniAnomaly,PCA,KMeansAD,MCD,IForest,CNN,HBOS,EIF,COPOD,CBLOF,TimesNet,KNN,LSTMAD,USAD,TranAD,OFA,FITS,ALLM4TS,OCSVM,RobustPCA,AutoEncoder,Donut,LOF,AnomalyTransformer,1.1244580745697021
MITDB_223_test.csv,OmniAnomaly,PCA,KMeansAD,MCD,IForest,CNN,HBOS,EIF,COPOD,TimesNet,CBLOF,KNN,OFA,LSTMAD,USAD,TranAD,FITS,ALLM4TS,OCSVM,RobustPCA,AutoEncoder,Donut,LOF,AnomalyTransformer,1.108902931213379
MITDB_228_test.csv,OmniAnomaly,PCA,KMeansAD,MCD,IForest,CNN,HBOS,EIF,COPOD,TimesNet,CBLOF,KNN,OFA,LSTMAD,USAD,FITS,TranAD,ALLM4TS,OCSVM,RobustPCA,AutoEncoder,Donut,LOF,AnomalyTransformer,1.1066510677337646
MITDB_230_test.csv,OmniAnomaly,PCA,KMeansAD,MCD,IForest,CNN,HBOS,EIF,COPOD,CBLOF,TimesNet,KNN,LSTMAD,USAD,TranAD,OFA,FITS,ALLM4TS,OCSVM,RobustPCA,AutoEncoder,Donut,LOF,AnomalyTransformer,1.1362559795379639
MITDB_232_test.csv,OmniAnomaly,PCA,MCD,KMeansAD,IForest,CNN,HBOS,EIF,COPOD,TimesNet,CBLOF,KNN,OFA,LSTMAD,FITS,USAD,TranAD,ALLM4TS,OCSVM,RobustPCA,AutoEncoder,Donut,LOF,AnomalyTransformer,1.2067711353302002
MITDB_233_test.csv,OmniAnomaly,PCA,KMeansAD,IForest,MCD,HBOS,CNN,EIF,COPOD,CBLOF,TimesNet,KNN,USAD,TranAD,LSTMAD,FITS,OFA,OCSVM,ALLM4TS,RobustPCA,AutoEncoder,Donut,LOF,AnomalyTransformer,1.1466970443725586
MITDB_234_test.csv,OmniAnomaly,PCA,MCD,KMeansAD,IForest,CNN,HBOS,EIF,COPOD,TimesNet,CBLOF,KNN,OFA,LSTMAD,FITS,USAD,TranAD,ALLM4TS,OCSVM,RobustPCA,AutoEncoder,Donut,LOF,AnomalyTransformer,1.1402440071105957
MSL_C-1_test.csv,PCA,OmniAnomaly,KMeansAD,IForest,MCD,HBOS,EIF,CNN,COPOD,CBLOF,KNN,TimesNet,USAD,TranAD,LSTMAD,FITS,OFA,OCSVM,ALLM4TS,RobustPCA,LOF,Donut,AutoEncoder,AnomalyTransformer,0.2732210159301758
MSL_C-2_test.csv,PCA,OmniAnomaly,KMeansAD,IForest,MCD,HBOS,EIF,CNN,COPOD,CBLOF,KNN,TimesNet,USAD,TranAD,LSTMAD,FITS,OFA,OCSVM,ALLM4TS,RobustPCA,AutoEncoder,Donut,LOF,AnomalyTransformer,0.3300149440765381
MSL_D-14_test.csv,PCA,OmniAnomaly,KMeansAD,IForest,MCD,HBOS,EIF,CNN,COPOD,CBLOF,KNN,TimesNet,USAD,TranAD,LSTMAD,FITS,OFA,OCSVM,ALLM4TS,RobustPCA,LOF,Donut,AutoEncoder,AnomalyTransformer,0.5052640438079834
MSL_F-7_test.csv,KMeansAD,PCA,OmniAnomaly,IForest,EIF,HBOS,MCD,CNN,CBLOF,COPOD,KNN,USAD,TranAD,TimesNet,LSTMAD,FITS,OFA,OCSVM,ALLM4TS,LOF,Donut,RobustPCA,AnomalyTransformer,AutoEncoder,0.4151949882507324
MSL_M-5_test.csv,PCA,OmniAnomaly,KMeansAD,IForest,MCD,EIF,HBOS,CNN,CBLOF,COPOD,KNN,TimesNet,USAD,TranAD,LSTMAD,FITS,OFA,OCSVM,ALLM4TS,RobustPCA,LOF,Donut,AutoEncoder,AnomalyTransformer,0.1659531593322754
MSL_S-2_test.csv,KMeansAD,PCA,OmniAnomaly,IForest,EIF,HBOS,MCD,CBLOF,CNN,COPOD,KNN,USAD,TranAD,TimesNet,LSTMAD,FITS,OFA,OCSVM,ALLM4TS,LOF,Donut,RobustPCA,AnomalyTransformer,AutoEncoder,0.11529302597045898
MSL_T-5_test.csv,KMeansAD,PCA,OmniAnomaly,IForest,EIF,HBOS,MCD,CNN,CBLOF,COPOD,KNN,USAD,TranAD,TimesNet,LSTMAD,FITS,OFA,OCSVM,ALLM4TS,LOF,Donut,RobustPCA,AnomalyTransformer,AutoEncoder,0.15887999534606934
MSL_T-8_test.csv,KMeansAD,PCA,OmniAnomaly,IForest,EIF,HBOS,CBLOF,MCD,CNN,COPOD,USAD,KNN,TranAD,TimesNet,LSTMAD,FITS,OFA,OCSVM,LOF,ALLM4TS,Donut,AnomalyTransformer,RobustPCA,AutoEncoder,0.13407611846923828
PSM_test.csv,OmniAnomaly,PCA,MCD,IForest,CNN,KMeansAD,HBOS,EIF,TimesNet,OFA,COPOD,KNN,LSTMAD,CBLOF,FITS,ALLM4TS,OCSVM,RobustPCA,USAD,TranAD,AutoEncoder,Donut,LOF,AnomalyTransformer,6.870692014694214
SMAP_A-5_test.csv,OmniAnomaly,PCA,KMeansAD,MCD,IForest,CNN,HBOS,EIF,COPOD,TimesNet,CBLOF,KNN,OFA,LSTMAD,USAD,FITS,TranAD,ALLM4TS,OCSVM,RobustPCA,AutoEncoder,Donut,LOF,AnomalyTransformer,0.10158514976501465
SMAP_A-6_test.csv,PCA,OmniAnomaly,KMeansAD,IForest,MCD,HBOS,EIF,CNN,COPOD,CBLOF,KNN,TimesNet,USAD,TranAD,LSTMAD,FITS,OFA,OCSVM,ALLM4TS,RobustPCA,AutoEncoder,Donut,LOF,AnomalyTransformer,0.096736907958984375
SMAP_F-1_test.csv,OmniAnomaly,PCA,KMeansAD,IForest,MCD,HBOS,EIF,CNN,COPOD,CBLOF,KNN,TimesNet,USAD,TranAD,LSTMAD,FITS,OFA,OCSVM,ALLM4TS,RobustPCA,AutoEncoder,Donut,LOF,AnomalyTransformer,0.7882299423217773
SMAP_G-4_test.csv,KMeansAD,PCA,OmniAnomaly,IForest,EIF,HBOS,MCD,CNN,CBLOF,COPOD,KNN,USAD,TranAD,TimesNet,LSTMAD,FITS,OFA,OCSVM,ALLM4TS,LOF,Donut,RobustPCA,AnomalyTransformer,AutoEncoder,0.20226287841796875
SMAP_G-7_test.csv,OmniAnomaly,PCA,KMeansAD,IForest,MCD,HBOS,CNN,EIF,COPOD,CBLOF,TimesNet,KNN,USAD,TranAD,LSTMAD,OFA,FITS,OCSVM,ALLM4TS,RobustPCA,AutoEncoder,Donut,LOF,AnomalyTransformer,0.07933592796325684
SMAP_P-1_test.csv,OmniAnomaly,PCA,KMeansAD,IForest,MCD,HBOS,CNN,EIF,COPOD,CBLOF,TimesNet,KNN,USAD,TranAD,LSTMAD,OFA,FITS,OCSVM,ALLM4TS,RobustPCA,AutoEncoder,Donut,LOF,AnomalyTransformer,1.1140260696411133
SMAP_P-7_test.csv,OmniAnomaly,PCA,KMeansAD,MCD,IForest,CNN,HBOS,EIF,COPOD,CBLOF,TimesNet,KNN,USAD,LSTMAD,TranAD,OFA,FITS,ALLM4TS,OCSVM,RobustPCA,AutoEncoder,Donut,LOF,AnomalyTransformer,0.31056904792785645
SMD_machine-1-3_test.csv,OmniAnomaly,PCA,MCD,IForest,KMeansAD,CNN,HBOS,EIF,TimesNet,COPOD,OFA,KNN,CBLOF,LSTMAD,FITS,ALLM4TS,OCSVM,USAD,TranAD,RobustPCA,AutoEncoder,Donut,LOF,AnomalyTransformer,3.760432004928589
SMD_machine-1-4_test.csv,OmniAnomaly,PCA,KMeansAD,MCD,IForest,CNN,HBOS,EIF,COPOD,TimesNet,CBLOF,KNN,OFA,LSTMAD,USAD,FITS,TranAD,ALLM4TS,OCSVM,RobustPCA,AutoEncoder,Donut,LOF,AnomalyTransformer,2.349976062774658
SMD_machine-1-6_test.csv,OmniAnomaly,MCD,PCA,IForest,CNN,KMeansAD,HBOS,EIF,TimesNet,OFA,COPOD,KNN,LSTMAD,CBLOF,FITS,ALLM4TS,OCSVM,RobustPCA,AutoEncoder,USAD,TranAD,Donut,LOF,AnomalyTransformer,6.181869983673096
SMD_machine-1-7_test.csv,OmniAnomaly,PCA,MCD,IForest,KMeansAD,CNN,HBOS,EIF,COPOD,TimesNet,OFA,KNN,CBLOF,LSTMAD,FITS,ALLM4TS,USAD,OCSVM,TranAD,RobustPCA,AutoEncoder,Donut,LOF,AnomalyTransformer,5.77512001991272
SMD_machine-1-8_test.csv,OmniAnomaly,PCA,MCD,IForest,CNN,KMeansAD,HBOS,EIF,TimesNet,COPOD,OFA,KNN,LSTMAD,CBLOF,FITS,ALLM4TS,OCSVM,RobustPCA,USAD,TranAD,AutoEncoder,Donut,LOF,AnomalyTransformer,6.013038158416748
SMD_machine-2-1_test.csv,OmniAnomaly,MCD,PCA,IForest,CNN,KMeansAD,HBOS,EIF,TimesNet,OFA,COPOD,KNN,LSTMAD,CBLOF,FITS,ALLM4TS,OCSVM,RobustPCA,USAD,TranAD,AutoEncoder,Donut,LOF,AnomalyTransformer,3.1413731575012207
SMD_machine-2-2_test.csv,OmniAnomaly,PCA,MCD,KMeansAD,IForest,CNN,HBOS,EIF,COPOD,TimesNet,CBLOF,KNN,OFA,LSTMAD,FITS,USAD,TranAD,ALLM4TS,OCSVM,RobustPCA,AutoEncoder,Donut,LOF,AnomalyTransformer,0.915687084197998
SMD_machine-2-4_test.csv,OmniAnomaly,PCA,MCD,IForest,KMeansAD,CNN,HBOS,EIF,TimesNet,COPOD,OFA,KNN,CBLOF,LSTMAD,FITS,ALLM4TS,OCSVM,USAD,TranAD,RobustPCA,AutoEncoder,Donut,LOF,AnomalyTransformer,5.350714921951294
SMD_machine-2-5_test.csv,OmniAnomaly,PCA,MCD,IForest,CNN,KMeansAD,HBOS,EIF,TimesNet,COPOD,OFA,KNN,LSTMAD,CBLOF,FITS,ALLM4TS,OCSVM,RobustPCA,USAD,TranAD,AutoEncoder,Donut,LOF,AnomalyTransformer,5.351992845535278
SMD_machine-2-7_test.csv,OmniAnomaly,PCA,MCD,IForest,KMeansAD,CNN,HBOS,EIF,TimesNet,COPOD,OFA,KNN,CBLOF,LSTMAD,FITS,ALLM4TS,OCSVM,USAD,TranAD,RobustPCA,AutoEncoder,Donut,LOF,AnomalyTransformer,5.552384853363037
SMD_machine-3-10_test.csv,OmniAnomaly,PCA,MCD,KMeansAD,IForest,CNN,HBOS,EIF,COPOD,TimesNet,CBLOF,KNN,OFA,LSTMAD,FITS,USAD,TranAD,ALLM4TS,OCSVM,RobustPCA,AutoEncoder,Donut,LOF,AnomalyTransformer,5.057590007781982
SMD_machine-3-2_test.csv,OmniAnomaly,PCA,MCD,IForest,KMeansAD,CNN,HBOS,EIF,TimesNet,COPOD,OFA,KNN,CBLOF,LSTMAD,FITS,ALLM4TS,OCSVM,USAD,TranAD,RobustPCA,AutoEncoder,Donut,LOF,AnomalyTransformer,3.1980998516082764
SMD_machine-3-3_test.csv,MCD,OmniAnomaly,PCA,OFA,CNN,IForest,HBOS,KMeansAD,TimesNet,EIF,COPOD,LSTMAD,ALLM4TS,FITS,KNN,OCSVM,CBLOF,RobustPCA,AutoEncoder,TranAD,USAD,Donut,LOF,AnomalyTransformer,6.310384035110474
SMD_machine-3-6_test.csv,OmniAnomaly,PCA,MCD,KMeansAD,IForest,CNN,HBOS,EIF,COPOD,TimesNet,CBLOF,KNN,OFA,LSTMAD,FITS,USAD,TranAD,ALLM4TS,OCSVM,RobustPCA,AutoEncoder,Donut,LOF,AnomalyTransformer,2.6711928844451904
SVDB_800_test.csv,OmniAnomaly,PCA,MCD,KMeansAD,IForest,CNN,HBOS,EIF,COPOD,TimesNet,CBLOF,KNN,OFA,LSTMAD,FITS,USAD,TranAD,ALLM4TS,OCSVM,RobustPCA,AutoEncoder,Donut,LOF,AnomalyTransformer,0.7732868194580078
SVDB_801_test.csv,OmniAnomaly,PCA,KMeansAD,MCD,IForest,CNN,HBOS,EIF,COPOD,TimesNet,CBLOF,KNN,OFA,LSTMAD,USAD,FITS,TranAD,ALLM4TS,OCSVM,RobustPCA,AutoEncoder,Donut,LOF,AnomalyTransformer,0.8035769462585449
SVDB_802_test.csv,OmniAnomaly,PCA,KMeansAD,IForest,MCD,HBOS,CNN,EIF,COPOD,CBLOF,TimesNet,KNN,USAD,TranAD,LSTMAD,FITS,OFA,OCSVM,ALLM4TS,RobustPCA,AutoEncoder,Donut,LOF,AnomalyTransformer,0.7479360103607178
SVDB_803_test.csv,OmniAnomaly,PCA,KMeansAD,IForest,MCD,HBOS,EIF,CNN,COPOD,CBLOF,KNN,TimesNet,USAD,TranAD,LSTMAD,FITS,OFA,OCSVM,ALLM4TS,RobustPCA,AutoEncoder,Donut,LOF,AnomalyTransformer,0.7812769412994385
SVDB_804_test.csv,OmniAnomaly,PCA,KMeansAD,MCD,IForest,CNN,HBOS,EIF,COPOD,TimesNet,CBLOF,KNN,LSTMAD,OFA,USAD,TranAD,FITS,ALLM4TS,OCSVM,RobustPCA,AutoEncoder,Donut,LOF,AnomalyTransformer,0.7347350120544434
SVDB_805_test.csv,OmniAnomaly,PCA,MCD,KMeansAD,IForest,CNN,HBOS,EIF,COPOD,TimesNet,OFA,CBLOF,KNN,LSTMAD,FITS,USAD,TranAD,ALLM4TS,OCSVM,RobustPCA,AutoEncoder,Donut,LOF,AnomalyTransformer,0.776137113571167
SVDB_806_test.csv,PCA,OmniAnomaly,KMeansAD,IForest,MCD,HBOS,EIF,CNN,COPOD,CBLOF,KNN,TimesNet,USAD,TranAD,LSTMAD,FITS,OFA,OCSVM,ALLM4TS,RobustPCA,Donut,LOF,AutoEncoder,AnomalyTransformer,0.8742990493774414
SVDB_807_test.csv,MCD,OmniAnomaly,PCA,IForest,CNN,KMeansAD,HBOS,OFA,TimesNet,EIF,COPOD,LSTMAD,KNN,FITS,ALLM4TS,CBLOF,OCSVM,RobustPCA,AutoEncoder,USAD,TranAD,Donut,LOF,AnomalyTransformer,0.8511538505554199
SVDB_808_test.csv,OmniAnomaly,PCA,MCD,IForest,KMeansAD,CNN,HBOS,EIF,TimesNet,COPOD,OFA,KNN,CBLOF,LSTMAD,FITS,ALLM4TS,OCSVM,USAD,TranAD,RobustPCA,AutoEncoder,Donut,LOF,AnomalyTransformer,0.8321168422698975
SVDB_809_test.csv,OmniAnomaly,PCA,KMeansAD,IForest,MCD,HBOS,CNN,EIF,COPOD,CBLOF,KNN,TimesNet,USAD,TranAD,LSTMAD,FITS,OFA,OCSVM,ALLM4TS,RobustPCA,AutoEncoder,Donut,LOF,AnomalyTransformer,0.7764959335327148
SVDB_810_test.csv,OmniAnomaly,PCA,KMeansAD,IForest,MCD,HBOS,CNN,EIF,COPOD,CBLOF,TimesNet,KNN,USAD,TranAD,LSTMAD,OFA,FITS,OCSVM,ALLM4TS,RobustPCA,AutoEncoder,Donut,LOF,AnomalyTransformer,0.7238900661468506
SVDB_811_test.csv,OmniAnomaly,PCA,MCD,KMeansAD,IForest,CNN,HBOS,EIF,COPOD,TimesNet,CBLOF,KNN,OFA,LSTMAD,FITS,USAD,TranAD,ALLM4TS,OCSVM,RobustPCA,AutoEncoder,Donut,LOF,AnomalyTransformer,0.7828478813171387
SVDB_812_test.csv,OmniAnomaly,PCA,MCD,IForest,KMeansAD,CNN,HBOS,EIF,TimesNet,COPOD,OFA,KNN,CBLOF,LSTMAD,FITS,ALLM4TS,OCSVM,USAD,TranAD,RobustPCA,AutoEncoder,Donut,LOF,AnomalyTransformer,0.8334782123565674
SVDB_820_test.csv,PCA,OmniAnomaly,KMeansAD,IForest,MCD,HBOS,EIF,CNN,COPOD,CBLOF,KNN,TimesNet,USAD,TranAD,LSTMAD,FITS,OFA,OCSVM,ALLM4TS,RobustPCA,AutoEncoder,Donut,LOF,AnomalyTransformer,0.9906229972839355
SVDB_821_test.csv,OmniAnomaly,PCA,KMeansAD,MCD,IForest,CNN,HBOS,EIF,COPOD,TimesNet,CBLOF,KNN,LSTMAD,OFA,USAD,TranAD,FITS,ALLM4TS,OCSVM,RobustPCA,AutoEncoder,Donut,LOF,AnomalyTransformer,0.8068051338195801
SVDB_822_test.csv,OmniAnomaly,PCA,KMeansAD,MCD,IForest,CNN,HBOS,EIF,COPOD,TimesNet,CBLOF,KNN,OFA,LSTMAD,USAD,FITS,TranAD,ALLM4TS,OCSVM,RobustPCA,AutoEncoder,Donut,LOF,AnomalyTransformer,0.8443520069122314
SVDB_825_test.csv,OmniAnomaly,PCA,MCD,KMeansAD,IForest,CNN,HBOS,EIF,COPOD,TimesNet,CBLOF,KNN,OFA,LSTMAD,FITS,USAD,TranAD,ALLM4TS,OCSVM,RobustPCA,AutoEncoder,Donut,LOF,AnomalyTransformer,1.2920811176300049
SVDB_827_test.csv,OmniAnomaly,PCA,MCD,KMeansAD,IForest,CNN,HBOS,EIF,COPOD,TimesNet,OFA,CBLOF,KNN,LSTMAD,FITS,USAD,TranAD,ALLM4TS,OCSVM,RobustPCA,AutoEncoder,Donut,LOF,AnomalyTransformer,0.8054869174957275
SVDB_840_test.csv,OmniAnomaly,PCA,KMeansAD,IForest,MCD,HBOS,EIF,CNN,COPOD,CBLOF,KNN,TimesNet,USAD,TranAD,LSTMAD,FITS,OFA,OCSVM,ALLM4TS,RobustPCA,AutoEncoder,Donut,LOF,AnomalyTransformer,0.7511179447174072
SVDB_841_test.csv,OmniAnomaly,PCA,MCD,KMeansAD,IForest,CNN,HBOS,EIF,COPOD,TimesNet,CBLOF,KNN,OFA,LSTMAD,FITS,USAD,TranAD,ALLM4TS,OCSVM,RobustPCA,AutoEncoder,Donut,LOF,AnomalyTransformer,0.7359259128570557
SVDB_842_test.csv,OmniAnomaly,PCA,KMeansAD,MCD,IForest,CNN,HBOS,EIF,COPOD,TimesNet,CBLOF,KNN,LSTMAD,OFA,USAD,TranAD,FITS,ALLM4TS,OCSVM,RobustPCA,AutoEncoder,Donut,LOF,AnomalyTransformer,0.8369250297546387
SVDB_843_test.csv,OmniAnomaly,PCA,KMeansAD,IForest,MCD,HBOS,CNN,EIF,COPOD,CBLOF,TimesNet,KNN,USAD,TranAD,LSTMAD,FITS,OFA,OCSVM,ALLM4TS,RobustPCA,AutoEncoder,Donut,LOF,AnomalyTransformer,0.7961909770965576
SVDB_845_test.csv,OmniAnomaly,PCA,MCD,KMeansAD,IForest,CNN,HBOS,EIF,COPOD,TimesNet,CBLOF,KNN,OFA,LSTMAD,FITS,USAD,TranAD,ALLM4TS,OCSVM,RobustPCA,AutoEncoder,Donut,LOF,AnomalyTransformer,0.7323479652404785
SVDB_846_test.csv,PCA,OmniAnomaly,KMeansAD,IForest,MCD,HBOS,EIF,CNN,COPOD,CBLOF,KNN,TimesNet,USAD,TranAD,LSTMAD,FITS,OFA,OCSVM,ALLM4TS,RobustPCA,AutoEncoder,Donut,LOF,AnomalyTransformer,0.8010690212249756
SVDB_847_test.csv,OmniAnomaly,PCA,MCD,KMeansAD,IForest,CNN,HBOS,EIF,COPOD,TimesNet,OFA,CBLOF,KNN,LSTMAD,FITS,USAD,TranAD,ALLM4TS,OCSVM,RobustPCA,AutoEncoder,Donut,LOF,AnomalyTransformer,0.7767729759216309
SVDB_849_test.csv,OmniAnomaly,PCA,MCD,KMeansAD,IForest,CNN,HBOS,EIF,COPOD,TimesNet,CBLOF,OFA,KNN,LSTMAD,FITS,USAD,TranAD,ALLM4TS,OCSVM,RobustPCA,AutoEncoder,Donut,LOF,AnomalyTransformer,0.8245189189910889
SVDB_850_test.csv,OmniAnomaly,PCA,KMeansAD,IForest,MCD,HBOS,CNN,EIF,COPOD,CBLOF,KNN,TimesNet,USAD,TranAD,LSTMAD,FITS,OFA,OCSVM,ALLM4TS,RobustPCA,AutoEncoder,Donut,LOF,AnomalyTransformer,0.7921769618988037
SVDB_851_test.csv,OmniAnomaly,PCA,KMeansAD,IForest,MCD,HBOS,EIF,CNN,COPOD,CBLOF,KNN,TimesNet,USAD,TranAD,LSTMAD,FITS,OFA,OCSVM,ALLM4TS,RobustPCA,AutoEncoder,Donut,LOF,AnomalyTransformer,0.7612931728363037
SVDB_852_test.csv,OmniAnomaly,PCA,KMeansAD,MCD,IForest,CNN,HBOS,EIF,COPOD,CBLOF,TimesNet,KNN,USAD,LSTMAD,TranAD,OFA,FITS,ALLM4TS,OCSVM,RobustPCA,AutoEncoder,Donut,LOF,AnomalyTransformer,0.7835850715637207
SVDB_853_test.csv,OmniAnomaly,PCA,MCD,KMeansAD,IForest,CNN,HBOS,EIF,COPOD,TimesNet,CBLOF,KNN,OFA,LSTMAD,FITS,USAD,TranAD,ALLM4TS,OCSVM,RobustPCA,AutoEncoder,Donut,LOF,AnomalyTransformer,0.8734028339385986
SVDB_854_test.csv,OmniAnomaly,PCA,KMeansAD,IForest,MCD,HBOS,CNN,EIF,COPOD,CBLOF,KNN,TimesNet,USAD,TranAD,LSTMAD,FITS,OFA,OCSVM,ALLM4TS,RobustPCA,AutoEncoder,Donut,LOF,AnomalyTransformer,0.8246278762817383
SVDB_855_test.csv,OmniAnomaly,PCA,MCD,IForest,CNN,KMeansAD,HBOS,EIF,TimesNet,COPOD,OFA,KNN,LSTMAD,CBLOF,FITS,ALLM4TS,OCSVM,RobustPCA,USAD,TranAD,AutoEncoder,Donut,LOF,AnomalyTransformer,0.8027970790863037
SVDB_856_test.csv,PCA,OmniAnomaly,KMeansAD,IForest,MCD,HBOS,EIF,CNN,COPOD,CBLOF,KNN,TimesNet,USAD,TranAD,LSTMAD,FITS,OFA,OCSVM,ALLM4TS,RobustPCA,AutoEncoder,Donut,LOF,AnomalyTransformer,0.8847661018371582
SVDB_857_test.csv,OmniAnomaly,PCA,MCD,KMeansAD,IForest,CNN,HBOS,EIF,COPOD,TimesNet,OFA,KNN,CBLOF,LSTMAD,FITS,USAD,TranAD,ALLM4TS,OCSVM,RobustPCA,AutoEncoder,Donut,LOF,AnomalyTransformer,0.7791969776153564
SVDB_858_test.csv,OmniAnomaly,PCA,KMeansAD,IForest,MCD,HBOS,EIF,CNN,COPOD,CBLOF,KNN,TimesNet,USAD,TranAD,LSTMAD,FITS,OFA,OCSVM,ALLM4TS,RobustPCA,AutoEncoder,Donut,LOF,AnomalyTransformer,0.786046028137207
SVDB_859_test.csv,OmniAnomaly,PCA,MCD,KMeansAD,IForest,CNN,HBOS,EIF,COPOD,TimesNet,CBLOF,KNN,OFA,LSTMAD,FITS,USAD,TranAD,ALLM4TS,OCSVM,RobustPCA,AutoEncoder,Donut,LOF,AnomalyTransformer,0.9203851222991943
SVDB_860_test.csv,OmniAnomaly,PCA,MCD,KMeansAD,IForest,CNN,HBOS,EIF,COPOD,TimesNet,CBLOF,KNN,OFA,LSTMAD,FITS,USAD,TranAD,ALLM4TS,OCSVM,RobustPCA,AutoEncoder,Donut,LOF,AnomalyTransformer,0.7463810443878174
SVDB_861_test.csv,OmniAnomaly,PCA,MCD,KMeansAD,IForest,CNN,HBOS,EIF,COPOD,TimesNet,CBLOF,KNN,OFA,LSTMAD,FITS,USAD,TranAD,ALLM4TS,OCSVM,RobustPCA,AutoEncoder,Donut,LOF,AnomalyTransformer,0.7398087978363037
SVDB_862_test.csv,OmniAnomaly,PCA,MCD,KMeansAD,IForest,CNN,HBOS,EIF,COPOD,TimesNet,CBLOF,KNN,OFA,LSTMAD,FITS,USAD,TranAD,ALLM4TS,OCSVM,RobustPCA,AutoEncoder,Donut,LOF,AnomalyTransformer,0.857435941696167
SVDB_863_test.csv,OmniAnomaly,PCA,KMeansAD,MCD,IForest,CNN,HBOS,EIF,COPOD,TimesNet,CBLOF,KNN,OFA,LSTMAD,USAD,FITS,TranAD,ALLM4TS,OCSVM,RobustPCA,AutoEncoder,Donut,LOF,AnomalyTransformer,0.7334039211273193
SVDB_864_test.csv,OmniAnomaly,PCA,MCD,KMeansAD,IForest,CNN,HBOS,EIF,COPOD,TimesNet,CBLOF,KNN,OFA,LSTMAD,FITS,USAD,TranAD,ALLM4TS,OCSVM,RobustPCA,AutoEncoder,Donut,LOF,AnomalyTransformer,0.7411699295043945
SVDB_865_test.csv,OmniAnomaly,PCA,KMeansAD,MCD,IForest,CNN,HBOS,EIF,COPOD,TimesNet,CBLOF,KNN,OFA,LSTMAD,FITS,USAD,TranAD,ALLM4TS,OCSVM,RobustPCA,AutoEncoder,Donut,LOF,AnomalyTransformer,0.8925628662109375
SVDB_866_test.csv,OmniAnomaly,PCA,KMeansAD,MCD,IForest,CNN,HBOS,EIF,COPOD,TimesNet,CBLOF,KNN,LSTMAD,OFA,USAD,TranAD,FITS,ALLM4TS,OCSVM,RobustPCA,AutoEncoder,Donut,LOF,AnomalyTransformer,0.8167798519134521
SVDB_867_test.csv,OmniAnomaly,PCA,MCD,KMeansAD,IForest,CNN,HBOS,EIF,COPOD,TimesNet,OFA,CBLOF,KNN,LSTMAD,FITS,USAD,TranAD,ALLM4TS,OCSVM,RobustPCA,AutoEncoder,Donut,LOF,AnomalyTransformer,0.8239331245422363
SVDB_868_test.csv,OmniAnomaly,PCA,MCD,KMeansAD,IForest,CNN,HBOS,EIF,COPOD,TimesNet,CBLOF,KNN,OFA,LSTMAD,FITS,USAD,TranAD,ALLM4TS,OCSVM,RobustPCA,AutoEncoder,Donut,LOF,AnomalyTransformer,0.7655391693115234
SVDB_869_test.csv,OmniAnomaly,PCA,KMeansAD,MCD,IForest,CNN,HBOS,EIF,COPOD,TimesNet,CBLOF,KNN,LSTMAD,OFA,USAD,TranAD,FITS,ALLM4TS,OCSVM,RobustPCA,AutoEncoder,Donut,LOF,AnomalyTransformer,0.7692399024963379
SVDB_870_test.csv,OmniAnomaly,PCA,MCD,IForest,KMeansAD,CNN,HBOS,EIF,COPOD,TimesNet,OFA,KNN,CBLOF,LSTMAD,FITS,ALLM4TS,USAD,OCSVM,TranAD,RobustPCA,AutoEncoder,Donut,LOF,AnomalyTransformer,0.8384690284729004
SVDB_871_test.csv,OmniAnomaly,PCA,KMeansAD,IForest,MCD,HBOS,CNN,EIF,COPOD,CBLOF,TimesNet,KNN,USAD,TranAD,LSTMAD,FITS,OFA,OCSVM,ALLM4TS,RobustPCA,AutoEncoder,Donut,LOF,AnomalyTransformer,0.8504250049591064
SVDB_872_test.csv,OmniAnomaly,PCA,MCD,KMeansAD,IForest,CNN,HBOS,EIF,COPOD,TimesNet,CBLOF,KNN,OFA,LSTMAD,FITS,USAD,TranAD,ALLM4TS,OCSVM,RobustPCA,AutoEncoder,Donut,LOF,AnomalyTransformer,0.8093760013580322
SVDB_873_test.csv,OmniAnomaly,PCA,MCD,IForest,KMeansAD,CNN,HBOS,EIF,TimesNet,COPOD,OFA,KNN,LSTMAD,CBLOF,FITS,ALLM4TS,OCSVM,RobustPCA,USAD,TranAD,AutoEncoder,Donut,LOF,AnomalyTransformer,0.7558720111846924
SVDB_874_test.csv,OmniAnomaly,PCA,MCD,KMeansAD,IForest,CNN,HBOS,EIF,COPOD,TimesNet,CBLOF,OFA,KNN,LSTMAD,FITS,USAD,TranAD,ALLM4TS,OCSVM,RobustPCA,AutoEncoder,Donut,LOF,AnomalyTransformer,0.7735030651092529
SVDB_875_test.csv,OmniAnomaly,PCA,MCD,KMeansAD,IForest,CNN,HBOS,EIF,COPOD,TimesNet,OFA,CBLOF,KNN,LSTMAD,FITS,USAD,TranAD,ALLM4TS,OCSVM,RobustPCA,AutoEncoder,Donut,LOF,AnomalyTransformer,0.7711780071258545
SVDB_878_test.csv,OmniAnomaly,PCA,MCD,KMeansAD,IForest,CNN,HBOS,EIF,COPOD,TimesNet,CBLOF,KNN,OFA,LSTMAD,FITS,USAD,TranAD,ALLM4TS,OCSVM,RobustPCA,AutoEncoder,Donut,LOF,AnomalyTransformer,0.7959079742431641
SVDB_879_test.csv,OmniAnomaly,PCA,MCD,KMeansAD,IForest,CNN,HBOS,EIF,COPOD,TimesNet,CBLOF,KNN,OFA,LSTMAD,FITS,USAD,TranAD,ALLM4TS,OCSVM,RobustPCA,AutoEncoder,Donut,LOF,AnomalyTransformer,0.727200984954834
SVDB_880_test.csv,OmniAnomaly,PCA,MCD,KMeansAD,IForest,CNN,HBOS,EIF,COPOD,TimesNet,CBLOF,KNN,OFA,LSTMAD,FITS,USAD,TranAD,ALLM4TS,OCSVM,RobustPCA,AutoEncoder,Donut,LOF,AnomalyTransformer,0.7569999694824219
SVDB_881_test.csv,OmniAnomaly,PCA,KMeansAD,IForest,MCD,HBOS,CNN,EIF,COPOD,CBLOF,TimesNet,KNN,USAD,TranAD,LSTMAD,FITS,OFA,OCSVM,ALLM4TS,RobustPCA,AutoEncoder,Donut,LOF,AnomalyTransformer,0.7861928939819336
SVDB_882_test.csv,OmniAnomaly,PCA,KMeansAD,MCD,IForest,CNN,HBOS,EIF,COPOD,TimesNet,CBLOF,KNN,OFA,LSTMAD,USAD,TranAD,FITS,ALLM4TS,OCSVM,RobustPCA,AutoEncoder,Donut,LOF,AnomalyTransformer,0.7157459259033203
SVDB_883_test.csv,OmniAnomaly,PCA,MCD,KMeansAD,IForest,CNN,HBOS,EIF,COPOD,TimesNet,CBLOF,KNN,OFA,LSTMAD,FITS,USAD,TranAD,ALLM4TS,OCSVM,RobustPCA,AutoEncoder,Donut,LOF,AnomalyTransformer,0.8030550479888916
SVDB_884_test.csv,OmniAnomaly,PCA,MCD,IForest,KMeansAD,CNN,HBOS,EIF,TimesNet,COPOD,OFA,KNN,CBLOF,LSTMAD,FITS,ALLM4TS,OCSVM,USAD,TranAD,RobustPCA,AutoEncoder,Donut,LOF,AnomalyTransformer,0.8330740928649902
SVDB_885_test.csv,OmniAnomaly,PCA,MCD,KMeansAD,IForest,CNN,HBOS,EIF,COPOD,TimesNet,CBLOF,KNN,OFA,LSTMAD,FITS,USAD,TranAD,ALLM4TS,OCSVM,RobustPCA,AutoEncoder,Donut,LOF,AnomalyTransformer,0.8053739070892334
SVDB_886_test.csv,OmniAnomaly,PCA,KMeansAD,MCD,IForest,CNN,HBOS,EIF,COPOD,TimesNet,CBLOF,KNN,OFA,LSTMAD,USAD,TranAD,FITS,ALLM4TS,OCSVM,RobustPCA,AutoEncoder,Donut,LOF,AnomalyTransformer,0.7421469688415527
SVDB_887_test.csv,OmniAnomaly,PCA,KMeansAD,MCD,IForest,CNN,HBOS,EIF,COPOD,CBLOF,TimesNet,KNN,USAD,LSTMAD,TranAD,OFA,FITS,ALLM4TS,OCSVM,RobustPCA,AutoEncoder,Donut,LOF,AnomalyTransformer,0.7857029438018799
SVDB_888_test.csv,PCA,OmniAnomaly,KMeansAD,IForest,MCD,HBOS,EIF,CNN,COPOD,CBLOF,KNN,TimesNet,USAD,TranAD,LSTMAD,FITS,OFA,OCSVM,ALLM4TS,RobustPCA,LOF,Donut,AutoEncoder,AnomalyTransformer,0.7723879814147949
SVDB_889_test.csv,OmniAnomaly,MCD,PCA,IForest,CNN,KMeansAD,HBOS,OFA,TimesNet,EIF,COPOD,KNN,LSTMAD,FITS,CBLOF,ALLM4TS,OCSVM,RobustPCA,AutoEncoder,USAD,TranAD,Donut,LOF,AnomalyTransformer,0.7035470008850098
SVDB_890_test.csv,OmniAnomaly,PCA,MCD,KMeansAD,IForest,CNN,HBOS,EIF,COPOD,TimesNet,CBLOF,KNN,OFA,LSTMAD,FITS,USAD,TranAD,ALLM4TS,OCSVM,RobustPCA,AutoEncoder,Donut,LOF,AnomalyTransformer,0.8402509689331055
SVDB_891_test.csv,OmniAnomaly,PCA,MCD,KMeansAD,IForest,CNN,HBOS,EIF,COPOD,TimesNet,CBLOF,KNN,OFA,LSTMAD,FITS,USAD,TranAD,ALLM4TS,OCSVM,RobustPCA,AutoEncoder,Donut,LOF,AnomalyTransformer,0.8510651588439941
SVDB_892_test.csv,OmniAnomaly,PCA,MCD,IForest,KMeansAD,CNN,HBOS,EIF,TimesNet,COPOD,OFA,KNN,CBLOF,LSTMAD,FITS,ALLM4TS,OCSVM,USAD,TranAD,RobustPCA,AutoEncoder,Donut,LOF,AnomalyTransformer,0.6964800357818604
SVDB_893_test.csv,OmniAnomaly,PCA,MCD,KMeansAD,IForest,CNN,HBOS,EIF,COPOD,TimesNet,OFA,KNN,CBLOF,LSTMAD,FITS,ALLM4TS,USAD,TranAD,OCSVM,RobustPCA,AutoEncoder,Donut,LOF,AnomalyTransformer,0.8031129837036133
SVDB_894_test.csv,OmniAnomaly,PCA,MCD,KMeansAD,IForest,CNN,HBOS,EIF,COPOD,TimesNet,OFA,KNN,CBLOF,LSTMAD,FITS,ALLM4TS,USAD,TranAD,OCSVM,RobustPCA,AutoEncoder,Donut,LOF,AnomalyTransformer,0.7983171939849854
swan_sf_test.csv,OmniAnomaly,PCA,MCD,KMeansAD,IForest,CNN,HBOS,EIF,COPOD,TimesNet,OFA,KNN,CBLOF,LSTMAD,FITS,ALLM4TS,USAD,TranAD,OCSVM,RobustPCA,AutoEncoder,Donut,LOF,AnomalyTransformer,10.246945142745972
